ID,Selection,Type,Toplayer,Permeability remarks,Geometry remarks,D,D/Bx,/D,cot ,m-10,SWL,z top,Hs,Tm-10,N,Hs/D,Damage,Updated damage,Reference
122,,CB,Armorflex elements,Geotextile under blocks,,0.108,0.4,2.2,3,1.55,5,8.75,0.84,3.4,552,5.5,,a,"Lindenberg (1983), 45"
124,,CB,Armorflex elements,Geotextile under blocks,,0.108,0.4,4.3,3,1.26,5,8.75,1.22,3.3,750,8.0,,a,"Lindenberg (1983), 58"
123,,CB,Armorflex elements,Geotextile under blocks,,0.108,0.4,2.2,3,1.47,5,8.75,0.93,3.4,552,6.1,,d,"Lindenberg (1983), 46"
49,,CB,Haringman blocks,Wide y-joints,On their side,0.2,2.0,2.5,3.5,1.65,4.98,5,1.56,5.8,1045,6.2,,a,"Smith et al (2000), 21o14"
115,,CB,Haringman blocks,,,0.2,0.4,3.0,3.5,1.24,5,8.5,1.33,4.0,27349,5.1,,a,"Burger (1985), 10"
196,,CB,Haringman blocks,,,0.2,0.4,2.9,4,1.90,4.8,8.5,0.8,5.5,100,3.1,,a,Sparboom (1989)
50,,CB,Haringman blocks,Wide y-joints,On their side,0.2,2.0,2.5,3.5,1.60,5.01,5,1.7,5.8,1045,6.8,,b,"Smith et al (2000), 21o15"
51,*,CB,Haringman blocks,Wide y-joints,On their side,0.2,2.0,2.5,3.5,1.99,5,5,1.55,6.9,1045,6.2,,c,"Smith et al (2000), 21o16"
116,*,CB,Haringman blocks,,,0.2,0.4,2.9,3.5,1.17,5,8.5,1.5,4.0,941,5.8,,c,"Burger (1985), 15"
114,*,CB,Haringman blocks,,,0.2,0.4,3.0,3.5,1.39,5,8.5,1.43,4.7,13746,5.5,,d,"Burger (1985), 6"
190,,CB,Rectangular blocks,,,0.18,0.6,0.6,3,1.53,4.5,7,0.58,2.8,998,2.4,,a,"Gier (2011), 5"
191,,CB,Rectangular blocks,,,0.18,0.6,0.6,3,1.49,4.5,7,0.8,3.2,1013,3.4,,b,"Gier (2011), 7"
192,*,CB,Rectangular blocks,,,0.18,0.6,0.6,3,1.87,4.5,7,1.08,4.7,843,4.5,,d,"Gier (2011), 12"
7,,CB,Rectangular blocks,"Siltated, measured ",,0.2,0.4,1.3,3.5,1.89,3.77,5,0.86,4.9,1045,3.2,,a,"Smith et al (2000), 4bo06"
8,,CB,Rectangular blocks,"Siltated, measured ",,0.2,0.4,2.8,3.5,1.27,3.77,5,0.71,3.0,1045,2.7,,a,"Smith et al (2000), 4co01"
9,,CB,Rectangular blocks,"Siltated, measured ",,0.2,0.4,2.8,3.5,1.84,3.78,5,1.05,5.3,1045,3.9,,a,"Smith et al (2000), 4co07"
13,,CB,Rectangular blocks,Mine stone,,0.25,0.5,2.5,3.5,1.30,4.02,5,1.64,4.7,1045,4.7,,a,"Smith et al (2000), 5o05"
13,,CB,Rectangular blocks,Mine stone,,0.25,0.5,2.5,3.5,1.41,4.02,5,1.64,5.1,1045,4.7,,b,"Smith et al (2000), 5o06"
15,,CB,Rectangular blocks,,,0.25,0.5,2.5,3.5,1.87,2.23,5,0.91,5.0,1045,2.6,,0,"Smith et al (2000), 6o21"
16,,CB,Rectangular blocks,Small joints,On their side,0.2,2.0,2.3,3.5,1.26,4.65,5,1.23,3.9,1045,4.7,,0,"Smith et al (2000), 12ao4"
18,,CB,Rectangular blocks,Small joints,On their side,0.2,2.0,1.7,3.5,1.59,4.71,5,1,4.5,1045,3.8,,a,"Smith et al (2000), 12ao8"
23,,CB,Rectangular blocks,Wide x-joints,On their side,0.2,2.0,1.9,3.5,1.25,4.67,5,1.03,3.5,1045,3.9,,0,"Smith et al (2000), 12bo06"
25,,CB,Rectangular blocks,Wide x-joints,On their side,0.2,2.0,1.9,3.5,1.26,4.79,5,1.22,3.9,1045,4.6,,0,"Smith et al (2000), 12co3"
29,,CB,Rectangular blocks,Wide x-joints,On their side,0.2,2.0,2.0,3.5,1.60,4.93,5,1.25,5.0,1045,4.7,,0,"Smith et al (2000), 12cco5"
32,,CB,Rectangular blocks,Wide y-joints,On their side,0.2,2.0,1.4,3.5,1.29,4.9,5,1.4,4.3,1045,5.3,a,0,"Smith et al (2000), 12do6"
37,,CB,Rectangular blocks,,,0.2,0.4,1.9,3.5,1.61,4.15,5,0.41,2.9,1045,1.5,a,0,"Smith et al (2000), 20ao3"
39,,CB,Rectangular blocks,,,0.2,0.4,3.1,3.5,1.25,4,5,0.58,2.7,1045,2.2,a,0,"Smith et al (2000), 20ao5"
43,,CB,Rectangular blocks,,,0.1,0.4,3.0,3.5,1.91,4.58,5,0.32,3.0,1045,2.4,a,0,"Smith et al (2000), 20b03"
46,,CB,Rectangular blocks,,,0.1,0.4,3.0,3.5,1.56,3.62,5,0.32,2.5,1045,2.4,a,0,"Smith et al (2000), 20b07"
52,,CB,Rectangular blocks,Wide y-joints,On their side,0.2,2.0,0.9,3.5,1.56,4.55,5,0.43,2.9,1045,1.7,a,0,"Smith et al (2000), 23o1"
54,,CB,Rectangular blocks,Wide y-joints,On their side,0.2,2.0,2.5,3.5,1.56,4.97,5,1.33,5.0,1045,5.2,,a,"Smith et al (2000), 23o10"
56,,CB,Rectangular blocks,,On their side,0.5,2.0,0.9,3,1.63,4.69,5.45,1.55,4.9,20715,2.4,,a,"Klein Breteler et al (2005), T13-17"
57,,CB,Rectangular blocks,,On their side,0.5,2.0,0.9,3,2.13,4.91,5.45,1.57,6.4,15384,2.5,,a,"Klein Breteler et al (2005), T22-26"
75,,CB,Rectangular blocks,,On their side,0.2,2.0,4.1,3.5,1.57,4.9,6,0.64,3.5,1067,2.4,,a,"Klein Breteler et al (2005), 4931"
78,,CB,Rectangular blocks,,On their side,0.2,2.0,4.1,3.5,1.52,4,6,0.45,2.9,1314,1.7,,a,"Klein Breteler et al (2005), 4040"
101,,CB,Rectangular blocks,,,0.151,0.6,3.0,3,1.73,4.99,8.5,0.73,3.5,1179,3.5,,a,"Wouters (1991), 128"
102,,CB,Rectangular blocks,,,0.151,0.6,3.0,3,1.32,4.73,8.5,0.94,3.1,1000,4.5,,a,"Wouters (1991), 154"
103,,CB,Rectangular blocks,,,0.151,0.6,3.0,3,2.75,4.74,8.5,0.78,5.8,1000,3.7,,a,"Wouters (1991), 155"
104,,CB,Rectangular blocks,,,0.147,0.6,3.2,3,1.73,4.99,8.5,0.73,3.5,1179,3.7,,a,"Wouters (1991), 128"
105,,CB,Rectangular blocks,,,0.147,0.6,3.2,3,1.32,4.73,8.5,0.94,3.1,1000,4.7,,a,"Wouters (1991), 154"
106,,CB,Rectangular blocks,,,0.147,0.6,3.2,3,2.75,4.74,8.5,0.78,5.8,1000,3.9,,a,"Wouters (1991), 155"
107,,CB,Rectangular blocks,Geotextile under blocks,,0.15,0.3,6.0,3,1.86,4.77,8.5,0.40,2.8,1113,1.9,,a,"Wouters (1991), 248"
108,,CB,Rectangular blocks,Geotextile under blocks,,0.147,0.6,5.4,3,1.86,4.77,8.5,0.40,2.8,1113,2.0,,a,"Wouters (1991), 248"
109,,CB,Rectangular blocks,,,0.3,0.6,3.5,3,1.44,4.94,8.5,1.06,3.5,1123,2.6,,a,"Wouters (1991), 627"
125,,CB,Rectangular blocks,,,0.15,0.6,6.6,3,1.97,4.5,4.4,0.52,3.4,1111,2.6,,a,"Burger (1983), 30"
127,,CB,Rectangular blocks,,,0.15,0.6,6.6,3,1.79,4.5,4.4,0.49,3.0,1111,2.4,,a,"Burger (1983), 34"
129,,CB,Rectangular blocks,,,0.15,0.6,6.6,3,1.72,4.5,4.4,0.53,3.0,1111,2.6,,a,"Burger (1983), 38"
138,,CB,Rectangular blocks,,"Restrained 
x-movement",0.1,0.4,2.8,4,1.05,4.01,4.5,0.44,2.2,1000,3.1,,a,"Den Boer (1982), c.3.1-57"
150,,CB,Rectangular blocks,,Above SWL,0.1,0.5,1.6,3,1.76,4.54,5.49,1.1,4.4,1030,8.1,,a,"Van Steeg et al (2009), L4"
151,,CB,Rectangular blocks,,Above SWL,0.1,0.5,1.6,3,1.72,4.84,5.49,0.94,4.0,997,6.9,,a,"Van Steeg et al (2009), N3"
14,,CB,Rectangular blocks,Mine stone,,0.25,0.5,2.5,3.5,1.41,4,5,1.64,5.1,1045,4.7,,b,"Smith et al (2000), 5o06"
20,,CB,Rectangular blocks,Small joints,On their side,0.2,2.0,1.7,3.5,1.98,4.7,5,0.73,4.7,1045,2.8,,b,"Smith et al (2000), 12ao10"
26,,CB,Rectangular blocks,Wide x-joints,On their side,0.2,2.0,1.9,3.5,1.29,4.9,5,1.4,4.3,1045,5.3,,b,"Smith et al (2000), 12co4"
35,,CB,Rectangular blocks,Wide x-joints,On their side,0.2,2.0,2.1,3.5,1.60,4.92,5,1.25,5.0,1045,4.7,,b,"Smith et al (2000), 12cdo5"
40,,CB,Rectangular blocks,,,0.2,0.4,3.1,3.5,2.07,4.23,5,0.63,4.6,1045,2.4,b,a,"Smith et al (2000), 20a06"
41,,CB,Rectangular blocks,,,0.2,0.4,3.1,3.5,1.65,4.17,5,0.63,3.7,1045,2.4,,b,"Smith et al (2000), 20a07"
44,,CB,Rectangular blocks,,,0.1,0.4,3.0,3.5,1.59,4.58,5,0.42,2.9,1045,3.1,,b,"Smith et al (2000), 20b04"
47,,CB,Rectangular blocks,,,0.1,0.4,3.0,3.5,1.55,3.77,5,0.43,2.8,1045,3.2,,b,"Smith et al (2000), 20b09"
53,,CB,Rectangular blocks,Wide y-joints,On their side,0.2,2.0,0.9,3.5,1.60,4.55,5,0.52,3.2,1045,2.0,,b,"Smith et al (2000), 23o2"
131,,CB,Rectangular blocks,,"Restrained 
x-movement",0.15,0.6,4.7,4,1.00,3.99,4.5,0.69,2.7,1000,3.4,,b,"Den Boer (1982), c.1.1-6"
133,,CB,Rectangular blocks,,"Restrained 
x-movement",0.15,0.6,4.7,4,0.97,4.23,4.5,0.73,2.7,1000,3.6,,b,"Den Boer (1982), c.1.2-17"
135,,CB,Rectangular blocks,,"Restrained
x-movement",0.1,0.4,6.2,4,1.08,3.99,4.5,0.39,2.1,1000,2.8,,b,"Den Boer (1982), c.2.4-46"
140,,CB,Rectangular blocks,Blocks with holes,"Restrained 
x-movement",0.1,0.4,3.5,4,1.02,4,4.5,0.47,2.2,1000,3.5,,b,"Den Boer (1982), c.3.2-60"
142,,CB,Rectangular blocks,,,0.1,0.4,6.2,4,1.03,4.02,4.5,0.48,2.3,1000,3.5,,b,"Den Boer (1982), c.4-64"
10,*,CB,Rectangular blocks,"Siltated, measured ",,0.2,0.4,2.8,3.5,1.35,3.77,5,1.17,4.1,1045,4.4,c,c1,"Smith et al (2000), 4co08"
21,*,CB,Rectangular blocks,Small joints,On their side,0.2,2.0,1.7,3.5,1.95,4.81,5,0.84,5.0,1045,3.2,c,c1,"Smith et al (2000), 12ao11"
27,*,CB,Rectangular blocks,Wide x-joints,On their side,0.2,2.0,1.9,3.5,1.24,5.03,5,1.57,4.4,1045,6.0,c,c1,"Smith et al (2000), 12co5"
27,*,CB,Rectangular blocks,Wide x-joints,On their side,0.2,2.0,1.9,3.5,1.24,5.03,5,1.57,4.4,1045,6.0,c,a,"Smith et al (2000), 12co5"
30,*,CB,Rectangular blocks,Wide x-joints,On their side,0.2,2.0,2.0,3.5,1.65,4.94,5,1.44,5.5,1045,5.5,,c,"Smith et al (2000), 12cco6"
33,*,CB,Rectangular blocks,Wide y-joints,On their side,0.2,2.0,1.4,3.5,1.29,5,5,1.59,4.5,1045,6.0,c,c1,"Smith et al (2000), 12do7"
34,*,CB,Rectangular blocks,Wide y-joints,On their side,0.2,2.0,1.4,3.5,1.99,5,5,1.54,6.9,1045,5.8,c,c1,"Smith et al (2000), 12do10"
38,*,CB,Rectangular blocks,,,0.2,0.4,1.9,3.5,1.64,4.2,5,0.63,3.6,1045,2.4,c,c1,"Smith et al (2000), 20ao4"
38,*,CB,Rectangular blocks,,,0.2,0.4,1.9,3.5,1.64,4.2,5,0.63,3.6,1045,2.4,c,a,"Smith et al (2000), 20ao4"
42,*,CB,Rectangular blocks,,,0.2,0.4,3.1,3.5,1.62,4.28,5,0.84,4.2,1045,3.1,c,c1,"Smith et al (2000), 20a08"
42,*,CB,Rectangular blocks,,,0.2,0.4,3.1,3.5,1.62,4.28,5,0.84,4.2,1045,3.1,c,a,"Smith et al (2000), 20a08"
45,*,CB,Rectangular blocks,,,0.1,0.4,3.0,3.5,1.79,4.61,5,0.52,3.6,1045,3.9,,c,"Smith et al (2000), 20b05"
73,*,CB,Rectangular blocks,,On their side,0.2,2.0,4.1,3.5,1.54,4.1,6,0.83,3.9,958,3.2,c,d1,"Klein Breteler et al (2005), 4120"
79,,CB,Rectangular blocks,,On their side,0.2,2.0,4.1,3.5,1.55,4.11,6,0.53,3.2,4176,2.0,c,a,"Klein Breteler et al (2005), 4140+4141"
80,*,CB,Rectangular blocks,,On their side,0.2,2.0,4.1,3.5,1.54,4.38,6,0.53,3.1,48000,2.0,c,c1,"Klein Breteler et al (2005), 4540+4541"
11,*,CB,Rectangular blocks,"Siltated, measured ",,0.2,0.4,2.8,3.5,1.30,4.04,5,1.5,4.5,1045,5.6,d,d1,"Smith et al (2000), 4co13"
17,*,CB,Rectangular blocks,Small joints,On their side,0.2,2.0,1.7,3.5,1.29,4.8,5,1.4,4.3,1045,5.3,d,d1,"Smith et al (2000), 12ao5"
19,*,CB,Rectangular blocks,Small joints,On their side,0.2,2.0,1.7,3.5,1.58,4.91,5,1.27,5.0,1045,4.8,d,d1,"Smith et al (2000), 12ao9"
19,*,CB,Rectangular blocks,Small joints,On their side,0.2,2.0,1.7,3.5,1.58,4.91,5,1.27,5.0,1045,4.8,d,a,"Smith et al (2000), 12ao9"
22,*,CB,Rectangular blocks,Small joints,On their side,0.2,2.0,1.7,3.5,1.92,5,5,1.24,6.0,1045,4.7,d,c1,"Smith et al (2000), 12ao13"
24,*,CB,Rectangular blocks,Wide x-joints,On their side,0.2,2.0,1.9,3.5,1.26,4.77,5,1.23,3.9,1045,4.7,d,c1,"Smith et al (2000), 12bo07"
28,*,CB,Rectangular blocks,Wide x-joints,On their side,0.2,2.0,1.9,3.5,1.60,5,5,1.63,5.7,1045,6.2,d,d1,"Smith et al (2000), 12co7"
28,*,CB,Rectangular blocks,Wide x-joints,On their side,0.2,2.0,1.9,3.5,1.60,5,5,1.63,5.7,1045,6.2,d,c,"Smith et al (2000), 12co7"
31,*,CB,Rectangular blocks,Wide x-joints,On their side,0.2,2.0,2.0,3.5,1.62,4.95,5,1.65,5.8,1045,6.3,d,d1,"Smith et al (2000), 12cco7"
31,*,CB,Rectangular blocks,Wide x-joints,On their side,0.2,2.0,2.0,3.5,1.62,4.95,5,1.65,5.8,1045,6.3,d,b,"Smith et al (2000), 12cco7"
36,*,CB,Rectangular blocks,Wide x-joints,On their side,0.2,2.0,2.1,3.5,2.00,4.96,5,1.52,6.9,1045,5.8,d,d1,"Smith et al (2000), 12cdo8"
48,*,CB,Rectangular blocks,,,0.1,0.4,3.0,3.5,1.82,3.76,5,0.51,3.6,1045,3.8,d,d1,"Smith et al (2000), 20b10"
48,*,CB,Rectangular blocks,,,0.1,0.4,3.0,3.5,1.82,3.76,5,0.51,3.6,1045,3.8,d,b,"Smith et al (2000), 20b10"
55,*,CB,Rectangular blocks,Wide y-joints,On their side,0.2,2.0,2.5,3.5,1.66,4.94,5,1.54,5.8,1045,6.0,,d,"Smith et al (2000), 23o11"
74,*,CB,Rectangular blocks,,On their side,0.2,2.0,4.1,3.5,1.56,4.1,6,0.83,4.0,3429,3.2,d,d1,"Klein Breteler et al (2005), 4120-4122"
74,*,CB,Rectangular blocks,,On their side,0.2,2.0,4.1,3.5,1.56,4.1,6,0.83,4.0,3429,3.2,d,b,"Klein Breteler et al (2005), 4120-4122"
77,*,CB,Rectangular blocks,,On their side,0.2,2.0,4.1,3.5,1.54,4.9,6,0.67,3.5,6797,2.5,d,d1,"Klein Breteler et al (2005), 4931-4934"
77,*,CB,Rectangular blocks,,On their side,0.2,2.0,4.1,3.5,1.54,4.9,6,0.67,3.5,6797,2.5,d,b,"Klein Breteler et al (2005), 4931-4934"
126,*,CB,Rectangular blocks,,,0.15,0.6,6.6,3,1.70,4.5,4.4,0.54,3.0,1111,2.7,,d,"Burger (1983), 31"
128,*,CB,Rectangular blocks,,,0.15,0.6,6.6,3,1.58,4.5,4.4,0.56,2.8,1111,2.8,,d,"Burger (1983), 35"
130,*,CB,Rectangular blocks,,,0.15,0.6,6.6,3,1.76,4.5,4.4,0.57,3.2,1111,2.8,,d,"Burger (1983), 37"
132,*,CB,Rectangular blocks,,"Restrained 
x-movement",0.15,0.6,4.7,4,0.95,4.01,4.5,0.76,2.7,1000,3.7,,d,"Den Boer (1982), c.1.1-7"
134,*,CB,Rectangular blocks,,"Restrained 
x-movement",0.15,0.6,4.7,4,0.97,4.26,4.5,0.74,2.7,1000,3.6,,d,"Den Boer (1982), c.1.2-18"
136,*,CB,Rectangular blocks,,Restrained x-movement,0.1,0.4,6.2,4,1.09,3.98,4.5,0.41,2.2,1000,3.0,,d,"Den Boer (1982), c.2.4-47"
137,*,CB,Rectangular blocks,,Restrained x-movement,0.1,0.4,6.2,4,1.12,4.26,4.5,0.46,2.4,1000,3.4,,d,"Den Boer (1982), c.2.3-51"
139,*,CB,Rectangular blocks,,Restrained x-movement,0.1,0.4,2.8,4,1.04,4,4.5,0.46,2.2,1000,3.2,,d,"Den Boer (1982), c.3.1-58"
141,*,CB,Rectangular blocks,Blocks with holes,Restrained x-movement,0.1,0.4,3.5,4,1.00,4.00,4.5,0.49,2.2,1000,3.6,,d,"Den Boer (1982), c.3.2-61"
143,*,CB,Rectangular blocks,,,0.1,0.4,6.2,4,1.04,4.01,4.5,0.49,2.3,1000,3.6,,d,"Den Boer (1982), c.4-65"
152,*,CB,Rectangular blocks,,Above SWL; top edge fixed in cement,0.1,0.5,1.6,3,1.73,4.84,5.49,1.1,4.4,306,8.1,d,d1,"Van Steeg et al (2009), N4+N4a"
244,,CB,Verkalit mgv,,,0.152,1.0,0.3,3,1.60,4.7,5.5,1.35,4.5,1028,6.6,,a,"Klein Breteler (2015), V08"
245,,CB,Verkalit mgv,,,0.152,1.0,0.3,3,1.63,4.7,5.5,1.53,4.9,989,7.4,,a,"Klein Breteler (2015), V09"
249,,CB,Verkalit mgv,,,0.152,1.0,0.3,3,2.20,4.7,5.5,1.35,6.1,1030,6.6,,a,"Klein Breteler (2015), V21"
250,,CB,Verkalit mgv,,,0.152,1.0,0.3,3,2.13,4.7,5.5,1.52,6.3,1055,7.4,,a,"Klein Breteler (2015), V22"
237,,CB,Verkalit mgv,,,0.152,1.0,0.3,3,2.15,4.55,5.5,0.75,4.5,455,3.6,,b,"Klein Breteler (2015), V01"
238,*,CB,Verkalit mgv,,,0.152,1.0,0.3,3,2.15,4.7,5.5,0.86,4.8,825,4.2,,c,"Klein Breteler (2015), V02"
246,*,CB,Verkalit mgv,,,0.152,1.0,0.3,3,1.63,4.7,5.5,1.54,4.9,1386,7.5,,d,"Klein Breteler (2015), V10"
251,*,CB,Verkalit mgv,,,0.152,1.0,0.3,3,2.18,4.7,5.5,1.52,6.5,1782,7.4,,d,"Klein Breteler (2015), V23"
193,,CB,Verkalit modified,,,0.25,0.8,1.2,3,2.74,4.5,7,1.04,6.7,1028,3.1,,a,"Gier (2011), 16"
194,,CB,Verkalit modified,,,0.25,0.8,1.2,3,1.96,4.5,7,1.51,5.8,677,4.4,,a,"Gier (2011), 17+19+22"
195,,CB,Verkalit modified,,,0.25,0.8,1.2,3,1.66,4.5,7,1.19,4.4,4814,3.5,,a,"Gier (2011), 14+18+20+21+25"
181,,CB,Verkalit porous,,,0.18,0.6,0.6,3,1.59,4.5,7,1.12,4.0,1051,3.4,a,0,"Gier (2011), 14"
182,,CB,Verkalit porous,,,0.18,0.6,0.6,3,2.75,4.5,7,1.04,6.7,1020,3.2,a,0,"Gier (2011), 25"
183,,CB,Verkalit porous,,,0.18,0.6,0.6,3,1.95,4.5,7,1.54,5.8,383,4.7,a,0,"Gier (2011), 26+31"
184,,CB,Verkalit porous,,,0.18,0.6,0.6,3,1.66,4.5,7,1.19,4.4,5210,3.6,a,0,"Gier (2011), 23+27+28+29+30"
175,,CB,Verkalit standard,,,0.18,0.6,0.6,3,1.58,4.5,7,1.13,4.0,1016,4.5,a,0,"Gier (2011), 11"
176,,CB,Verkalit standard,,,0.18,0.6,0.6,3,1.87,4.5,7,1.08,4.7,843,4.3,a,0,"Gier (2011), 12"
177,,CB,Verkalit standard,,,0.18,0.6,0.6,3,1.59,4.5,7,1.12,4.0,1051,4.4,a,0,"Gier (2011), 14"
178,,CB,Verkalit standard,,,0.18,0.6,0.6,3,2.75,4.5,7,1.04,6.7,1020,4.1,a,0,"Gier (2011), 25"
179,,CB,Verkalit standard,,,0.18,0.6,0.6,3,1.95,4.5,7,1.54,5.8,383,6.1,a,0,"Gier (2011), 26-31"
180,,CB,Verkalit standard,,,0.18,0.6,0.6,3,1.66,4.5,7,1.19,4.4,5210,4.7,a,0,"Gier (2011), 23+27+28+29+30"
185,,CB,Verkalit standard,,,0.18,0.6,0.6,3,2.75,4.5,7,1.04,6.7,1026,4.1,a,0,"Gier (2011), 13"
186,,CB,Verkalit standard,,,0.18,0.6,0.6,3,1.95,4.5,7,1.52,5.8,720,6.0,a,0,"Gier (2011), 8+2-+21+22"
187,,CB,Verkalit standard,,,0.18,0.6,0.6,3,1.65,4.5,7,1.17,4.3,5258,4.6,a,0,"Gier (2011), 9+16+17+18+19"
188,,CB,Verkalit standard,,,0.18,0.6,1.4,3,1.95,4.5,7,1.52,5.8,720,6.3,,b,"Gier (2011), 8+20+21+22"
189,,CB,Verkalit standard,,,0.18,0.6,1.5,3,1.96,4.5,7,1.51,5.8,677,6.3,,b,"Gier (2011), 17+19+22"
1,,CC,Basalton,,Low berm,0.15,0.5,2.6,3.5,1.24,4.95,4,1.04,3.5,1045,5.0,a,0,"Smith et al (2000), 1o02"
2,,CC,Basalton,,Low berm,0.15,0.5,2.6,3.5,1.26,4.94,4,1.22,3.9,1045,5.9,,a,"Smith et al (2000), 1o03"
67,,CC,Basalton,,,0.2,1.0,2.5,3.5,2.21,4.7,6,1.38,7.3,26385,3.8,,a,"Klein Breteler et al (2005), nov03-4805"
95,,CC,Basalton,,,0.2,1.0,2.5,3.5,1.73,4.74,6,1.57,6.1,1042,4.3,,a,"Eysink et al (2003), 26"
153,,CC,Basalton,Under transition,,0.198,0.7,2.8,3,1.81,4.67,4.1,1.15,4.7,993,4.4,,a,"Van Steeg et al (2009), C2"
154,,CC,Basalton,Under transition,,0.198,0.7,2.8,3,1.85,5.15,4.1,1.5,5.4,1006,5.8,,a,"Van Steeg et al (2009), E1"
155,,CC,Basalton,Under transition,,0.198,0.7,2.8,3,1.72,4.8,4.1,0.79,3.7,1020,3.0,,a,"Van Steeg et al (2009), A3"
156,,CC,Basalton,Above transition,,0.198,0.7,2.8,3,1.85,5.15,5.46,1.5,5.4,1006,4.1,,a,"Van Steeg et al (2009), E1"
157,,CC,Basalton,,,0.198,0.7,2.8,3,1.85,5.15,5.46,1.5,5.4,1006,4.1,,a,"Van Steeg et al (2009), E1"
161,,CC,Basalton,,,0.15,1.0,2.1,3.5,1.43,4.6,4.7,1.39,4.7,1051,6.7,,a,"Wolters et al (2011), P03"
169,,CC,Basalton,Double top-layer system,,0.15,0.6,2.0,3,2.04,4.3,5.46,0.63,3.9,1057,3.1,,a,"t Hart et al (2012), T5"
171,,CC,Basalton,Double top-layer system,,0.15,0.6,2.0,3,1.58,4,5.46,0.62,3.0,980,3.1,,a,"t Hart et al (2012), T4"
197,,CC,Basalton,,,0.15,1.0,2.5,3,2.02,4.55,5.5,0.62,3.8,532,3.2,,a,"Klein Breteler (2015), P01"
198,,CC,Basalton,,,0.15,1.0,2.5,3,2.11,4.7,5.5,0.89,4.8,1217,4.6,,a,"Klein Breteler (2015), P02"
200,,CC,Basalton,,,0.15,1.0,2.5,3,1.55,4.55,5.5,0.67,3.0,647,3.5,,a,"Klein Breteler (2015), P04"
201,,CC,Basalton,,,0.15,1.0,2.5,3,1.57,4.7,5.5,0.71,3.2,634,3.7,,a,"Klein Breteler (2015), P05"
202,,CC,Basalton,,,0.15,1.0,2.5,3,1.61,4.7,5.5,0.98,3.8,1080,5.1,,a,"Klein Breteler (2015), P06"
204,,CC,Basalton,,,0.15,1.0,2.5,3,1.57,4.7,5.5,0.7,3.2,629,3.6,,a,"Klein Breteler (2015), P08"
205,,CC,Basalton,,,0.15,1.0,2.5,3,1.60,4.7,5.5,0.85,3.5,1598,4.4,,a,"Klein Breteler (2015), P09"
210,,CC,Basalton,,,0.179,1.0,2.2,3,2.21,5.4,6.6,0.76,4.6,468,3.3,,a,"Klein Breteler (2015), B01"
211,,CC,Basalton,,,0.179,1.0,2.2,3,2.18,5.6,6.6,0.99,5.2,994,4.3,,a,"Klein Breteler (2015), B02"
212,,CC,Basalton,,,0.179,1.0,2.2,3,2.19,5.6,6.6,1.13,5.6,996,4.9,,a,"Klein Breteler (2015), B03"
213,,CC,Basalton,,,0.179,1.0,2.2,3,2.14,5.6,6.6,1.33,5.9,1155,5.7,,a,"Klein Breteler (2015), B04"
214,,CC,Basalton,,,0.179,1.0,2.2,3,2.17,5.6,6.6,1.51,6.4,1148,6.5,,a,"Klein Breteler (2015), B05"
215,,CC,Basalton,,,0.179,1.0,2.2,3,2.19,5.6,6.6,1.66,6.8,1153,7.2,,a,"Klein Breteler (2015), B06"
216,,CC,Basalton,,,0.179,1.0,2.2,3,2.15,5.9,6.6,1.83,7.0,1244,7.9,,a,"Klein Breteler (2015), B07"
217,,CC,Basalton,,,0.179,1.0,2.2,3,1.63,5.6,6.6,1.09,4.1,1046,4.7,,a,"Klein Breteler (2015), B08"
218,,CC,Basalton,,,0.179,1.0,2.2,3,1.57,5.6,6.6,1.36,4.4,1089,5.9,,a,"Klein Breteler (2015), B09"
219,,CC,Basalton,,,0.179,1.0,2.2,3,1.58,5.8,6.6,1.56,4.8,1103,6.7,,a,"Klein Breteler (2015), B10"
220,,CC,Basalton,,,0.179,1.0,2.2,3,1.61,5.9,6.6,1.74,5.1,1117,7.5,,a,"Klein Breteler (2015), B11"
222,,CC,Basalton,,,0.179,1.0,2.2,3,1.60,5.4,6.6,0.75,3.3,565,3.2,,a,"Klein Breteler (2015), B13"
208,,CC,Basalton,,,0.15,1.0,2.5,3,1.57,4.7,5.5,0.87,3.5,2315,4.5,,b,"Klein Breteler (2015), P12"
170,*,CC,Basalton,Double top-layer system,,0.15,0.6,2.0,3,2.09,4.4,5.46,0.78,4.4,984,3.9,,c,"t Hart et al (2012), T6"
172,*,CC,Basalton,Double top-layer system,,0.15,0.6,2.0,3,1.60,4.25,5.46,0.88,3.6,969,4.4,,c,"t Hart et al (2012), T8"
206,*,CC,Basalton,,,0.15,1.0,2.5,3,1.58,4.7,5.5,0.85,3.5,1772,4.4,,c,"Klein Breteler (2015), P10"
221,*,CC,Basalton,,,0.179,1.0,2.2,3,1.62,6,6.6,1.96,5.4,1062,8.4,,c,"Klein Breteler (2015), B12"
121,*,CC,Basalton,No joint fill,,0.18,0.7,1.6,3,1.33,5,8.75,1.19,3.5,1078,4.7,,d,"Lindenberg (1983), 4"
162,*,CC,Basalton,,,0.15,1.0,2.1,3.5,1.47,4.7,4.7,1.6,5.2,297,7.7,,d,"Wolters et al (2011), P04"
173,*,CC,Basalton,Double top-layer system,,0.15,0.6,2.0,3,1.60,4.23,5.46,1.07,4.0,557,5.3,,d,"t Hart et al (2012), T9"
174,*,CC,Basalton,Double top-layer system,,0.15,0.6,2.0,3,1.59,4.2,5.46,0.8,3.4,752,4.0,,d,"t Hart et al (2012), T1"
199,*,CC,Basalton,,,0.15,1.0,2.5,3,2.08,4.7,5.5,1.12,5.3,681,5.8,,d,"Klein Breteler (2015), P03"
203,*,CC,Basalton,,,0.15,1.0,2.5,3,1.58,4.7,5.5,1.18,4.1,627,6.1,,d,"Klein Breteler (2015), P07"
207,*,CC,Basalton,,,0.15,1.0,2.5,3,1.56,4.7,5.5,0.89,3.5,735,4.6,,d,"Klein Breteler (2015), P11"
209,*,CC,Basalton,,,0.15,1.0,2.5,3,1.56,4.7,5.5,0.9,3.6,1365,4.6,,d,"Klein Breteler (2015), P13"
223,*,CC,Basalton,,,0.179,1.0,2.2,3,1.58,5.6,6.6,1.45,4.6,1603,6.2,,d,"Klein Breteler (2015), B14"
58,,CC,C-Star,,,0.18,1.5,1.9,3,2.18,4.5,5.5,1.53,6.5,899,6.4,,a,"Van der Werf et al (2007), T15"
252,,CC,C-star,,,0.175,1.8,1.9,3,2.16,4.55,5.5,0.69,4.3,482,2.9,,a,"Klein Breteler (2015), C01"
253,,CC,C-star,,,0.175,1.8,1.9,3,2.19,4.7,5.5,1,5.3,1001,4.2,,a,"Klein Breteler (2015), C02"
254,,CC,C-star,,,0.175,1.8,1.9,3,2.18,4.7,5.5,1.21,5.8,1006,5.1,,a,"Klein Breteler (2015), C03"
255,,CC,C-star,,,0.175,1.8,1.9,3,2.16,4.7,5.5,1.38,6.1,1039,5.9,,a,"Klein Breteler (2015), C04"
256,,CC,C-star,,,0.175,1.8,1.9,3,2.25,4.7,5.5,1.58,6.8,1416,6.7,,a,"Klein Breteler (2015), C05"
257,,CC,C-star,,,0.175,1.8,1.9,3,1.60,4.7,5.5,1.2,4.2,1003,5.1,,a,"Klein Breteler (2015), C06"
258,,CC,C-star,,,0.175,1.8,1.9,3,1.60,4.7,5.5,1.35,4.5,1026,5.7,,a,"Klein Breteler (2015), C07"
259,,CC,C-star,,,0.175,1.8,1.9,3,1.64,4.7,5.5,1.52,4.9,1026,6.5,,a,"Klein Breteler (2015), C08"
262,,CC,C-star,,,0.166,1.3,1.4,3,2.17,4.7,5.5,0.73,4.5,457,3.5,,a,"Wolters (2015), H01"
59,,CC,C-Star,,,0.18,1.5,1.9,3,1.62,4.5,5.5,1.55,4.8,3107,6.4,,b,"Van der Werf et al (2007), T24-32"
260,,CC,C-star,,,0.175,1.8,1.9,3,1.64,4.7,5.5,1.55,4.9,1679,6.6,,b,"Klein Breteler (2015), C09"
60,*,CC,C-Star,,,0.18,1.5,1.9,3,1.62,4.5,5.5,1.56,4.9,20120,6.5,,c,"Van der Werf et al (2007), T24-34"
261,*,CC,C-star,,,0.175,1.8,1.9,3,1.66,4.7,5.5,1.49,4.9,1125,6.3,,d,"Klein Breteler (2015), C10"
144,,CC,Cylindrical columns,,Above SWL,0.08,0.8,2.7,3,1.87,4.54,5.49,1.46,5.4,102,13.6,,a,"Van Steeg et al (2009), L6"
145,,CC,Cylindrical columns,,Above SWL,0.08,0.8,2.7,3,1.74,4.84,5.49,1.1,4.4,1020,10.3,,a,"Van Steeg et al (2009), N4+N4a"
147,,CC,Cylindrical columns,,Above SWL,0.08,0.8,2.7,3,1.72,5.34,5.49,0.4,2.6,966,3.7,,a,"Van Steeg et al (2009), H1"
148,*,CC,Cylindrical columns,,Above SWL,0.08,0.8,2.7,3,1.69,5.34,5.49,0.51,2.9,1006,4.8,,c,"Van Steeg et al (2009), H2"
146,*,CC,Cylindrical columns,,Above SWL,0.08,0.8,2.7,3,1.78,4.84,5.49,1.32,4.9,433,12.3,,d,"Van Steeg et al (2009), N5"
149,*,CC,Cylindrical columns,,Above SWL,0.08,0.8,2.7,3,1.70,5.34,5.49,0.61,3.2,330,5.7,,d,"Van Steeg et al (2009), H3"
275,,CC,Hydroblock,,,0.15,0.6,2.3,3.5,2.84,4.2,6,0.27,4.1,1000,1.9,,0,"Klein Breteler, Van der Werf, Weneker (2012), P10"
276,,CC,Hydroblock,,,0.15,0.6,2.3,3.5,4.07,4.2,6,0.48,7.9,1000,3.4,,0,"Klein Breteler, Van der Werf, Weneker (2012), P11"
277,,CC,Hydroblock,,,0.15,0.6,2.3,3.5,4.25,4.5,6,0.55,8.8,1000,3.9,,0,"Klein Breteler, Van der Werf, Weneker (2012), P12A"
278,,CC,Hydroblock,,,0.15,0.6,2.3,3.5,4.24,4.52,6,0.56,8.9,1000,3.9,,0,"Klein Breteler, Van der Werf, Weneker (2012), P12B"
279,,CC,Hydroblock,,,0.15,0.6,2.3,3.5,4.13,4.8,6,0.65,9.3,1000,4.6,,0,"Klein Breteler, Van der Werf, Weneker (2012), P13"
280,,CC,Hydroblock,,,0.15,0.6,2.3,3.5,4.08,5.02,6,0.76,10.0,1000,5.3,,0,"Klein Breteler, Van der Werf, Weneker (2012), P14"
281,,CC,Hydroblock,,,0.15,0.6,2.3,3.5,4.06,5.17,6,0.84,10.4,1000,5.9,,0,"Klein Breteler, Van der Werf, Weneker (2012), P15"
284,,CC,Hydroblock,,,0.15,0.6,2.3,3.5,3.08,4.4,6,0.51,6.2,1000,3.6,,0,"Klein Breteler, Van der Werf, Weneker (2012), P22"
285,,CC,Hydroblock,,,0.15,0.6,2.3,3.5,3.10,4.41,6,0.63,6.9,1000,4.4,,0,"Klein Breteler, Van der Werf, Weneker (2012), P23"
286,,CC,Hydroblock,,,0.15,0.6,2.3,3.5,3.06,4.75,6,0.74,7.4,1000,5.2,,0,"Klein Breteler, Van der Werf, Weneker (2012), P24"
287,,CC,Hydroblock,,,0.15,0.6,2.3,3.5,2.99,4.8,6,0.89,7.9,1000,6.2,,0,"Klein Breteler, Van der Werf, Weneker (2012), P25"
96,,CC,Hydroblock,,,0.15,0.6,2.0,3.5,4.54,5.17,6,0.84,11.7,1000,5.9,,a,"Klein Breteler et al (2006), 15"
97,,CC,Hydroblock,,,0.15,0.6,2.0,3.5,4.54,5.10,6,0.80,11.4,2000,5.6,,a,"Klein Breteler et al (2006), 14+15"
98,,CC,Hydroblock,,,0.15,0.6,2.0,3.5,3.89,5.18,6,0.96,10.7,1000,6.7,,a,"Klein Breteler et al (2006), 16"
99,,CC,Hydroblock,,,0.15,0.6,2.0,3.5,3.17,4.8,6,0.89,8.4,1000,6.2,,a,"Klein Breteler et al (2006), 25"
263,,CC,Hydroblock,,,0.166,1.3,1.4,3,2.17,4.7,5.5,0.9,4.9,1007,4.3,,a,"Wolters (2015), H02"
264,,CC,Hydroblock,,,0.166,1.3,1.4,3,2.21,4.7,5.5,1.05,5.4,1010,5.0,,a,"Wolters (2015), H03"
268,,CC,Hydroblock,,,0.166,1.3,1.4,3,1.57,4.7,5.5,0.73,3.2,597,3.5,,a,"Wolters (2015), H07"
269,,CC,Hydroblock,,,0.166,1.3,1.4,3,1.57,4.7,5.5,1.01,3.8,1013,4.8,,a,"Wolters (2015), H08"
272,,CC,Hydroblock,,,0.166,1.3,1.4,3,1.57,4.7,5.5,0.73,3.2,602,3.5,,a,"Wolters (2015), H11"
282,,CC,Hydroblock,,,0.15,0.6,2.3,3.5,3.46,5.18,6,0.96,9.5,1000,6.7,,a,"Klein Breteler, Van der Werf, Weneker (2012), P16"
265,,CC,Hydroblock,,,0.166,1.3,1.4,3,2.16,4.7,5.5,1.21,5.7,984,5.7,,b,"Wolters (2015), H04"
266,*,CC,Hydroblock,,,0.166,1.3,1.4,3,2.19,4.7,5.5,1.34,6.1,1034,6.3,,c,"Wolters (2015), H05"
267,*,CC,Hydroblock,,,0.166,1.3,1.4,3,2.15,4.7,5.5,1.51,6.4,1025,7.1,,c,"Wolters (2015), H06"
270,*,CC,Hydroblock,,,0.166,1.3,1.4,3,1.58,4.7,5.5,1.16,4.1,1012,5.5,,c,"Wolters (2015), H09"
273,*,CC,Hydroblock,,,0.166,1.3,1.4,3,1.57,4.7,5.5,0.95,3.7,2150,4.5,,c,"Wolters (2015), H12"
283,*,CC,Hydroblock,,,0.15,0.6,2.3,3.5,3.46,5.18,6,1.1,9.5,1000,7.7,,c,"Klein Breteler, Van der Werf, Weneker (2012), P16S"
288,*,CC,Hydroblock,,,0.15,0.6,2.3,3.5,2.85,4.9,6,1.05,8.2,1000,7.4,,c,"Klein Breteler, Van der Werf, Weneker (2012), P26"
100,*,CC,Hydroblock,,,0.15,0.6,2.0,3.5,3.00,4.9,6,1.05,8.6,394,7.4,,d,"Klein Breteler et al (2006), 26"
271,*,CC,Hydroblock,,,0.166,1.3,1.4,3,1.60,4.7,5.5,1.29,4.4,481,6.1,,d,"Wolters (2015), H10"
81,,CC,Hydroblock,,,0.15,0.6,2.2,3.5,1.72,5.2,6,0.95,4.7,1019,4.4,,a,"Klein Breteler et al (2005), 5250"
84,,CC,Hydroblock,,,0.2,0.8,2.3,3.5,1.85,4.47,6,1.11,5.5,9658,4.1,,a,"Klein Breteler et al (2005), 4260-4660"
82,*,CC,Hydroblock,,,0.15,0.6,2.2,3.5,1.80,5.2,6,1.08,5.2,985,5.0,d,c,"Klein Breteler et al (2005), 5251, damage d  at Hs=1.98"
85,*,CC,Hydroblock,,,0.2,0.8,2.3,3.5,1.85,4.56,6,1.11,5.5,13582,4.1,,d,"Klein Breteler et al (2005), 4260-4860"
83,*,CC,Hydroblock,,Re-used,0.15,0.6,2.2,3.5,1.88,4.2,6,1.01,5.3,1672,4.7,,d,"Klein Breteler et al (2005), 4250+4251"
86,,CC,Pit-polygon,,,0.2,1.0,2.2,3.5,1.24,5,5,1.64,4.5,1045,6.1,,b,"Wouters (1998), 4"
89,,CC,Pit-polygon,,,0.2,0.8,2.2,3.5,1.63,5,5,1.63,5.8,518,6.3,,b,"Wouters (1998), 5"
87,*,CC,Pit-polygon,,,0.2,1.0,2.2,3.5,1.63,5,5,1.63,5.8,518,6.1,,c,"Wouters (1998), 5"
90,*,CC,Pit-polygon,,,0.2,0.8,2.2,3.5,1.98,5,5,1.63,7.1,1045,6.3,,c,"Wouters (1998), 6"
88,*,CC,Pit-polygon,,,0.2,1.0,2.2,3.5,1.98,5,5,1.63,7.1,1045,6.1,,d,"Wouters (1998), 6"
224,,CC,Ronaton,,,0.145,1.1,2.0,3,2.16,4.55,5.5,0.6,4.0,497,3.7,,a,"Klein Breteler (2015), P01"
225,,CC,Ronaton,,,0.145,1.1,2.0,3,2.18,4.7,5.5,0.69,4.4,1054,4.3,,a,"Klein Breteler (2015), P02"
226,,CC,Ronaton,,,0.145,1.1,2.0,3,2.21,4.7,5.5,0.83,4.8,998,5.1,,a,"Klein Breteler (2015), P03"
227,,CC,Ronaton,,,0.145,1.1,2.0,3,2.21,4.7,5.5,1,5.3,1022,6.2,,a,"Klein Breteler (2015), P04"
228,,CC,Ronaton,,,0.145,1.1,2.0,3,2.18,4.7,5.5,1.2,5.7,1019,7.4,,a,"Klein Breteler (2015), P05"
229,,CC,Ronaton,,,0.145,1.1,2.0,3,2.19,4.7,5.5,1.4,6.2,1007,8.7,,a,"Klein Breteler (2015), P06"
230,,CC,Ronaton,,,0.145,1.1,2.0,3,2.16,4.7,5.5,1.5,6.4,1055,9.3,,a,"Klein Breteler (2015), P07"
231,,CC,Ronaton,,,0.145,1.1,2.0,3,1.60,4.7,5.5,0.95,3.8,1007,5.9,,a,"Klein Breteler (2015), P08"
234,,CC,Ronaton,,,0.145,1.1,2.0,3,1.63,4.55,5.5,0.62,3.1,604,3.8,,a,"Klein Breteler (2015), P11"
235,,CC,Ronaton,,,0.145,1.1,2.0,3,1.60,4.55,5.5,0.78,3.4,550,4.8,,a,"Klein Breteler (2015), P12"
163,,CC,Ronaton,,,0.16,1.2,1.9,3,2.06,4.5,5.4,0.83,4.5,1092,3.6,,b,"Wolters (2010), T1"
164,,CC,Ronaton,,,0.16,1.2,1.9,3,2.15,4.5,5.4,1.51,6.3,1036,6.5,,b,"Wolters (2010), T5"
165,,CC,Ronaton,,,0.16,1.2,1.9,3,1.59,4.5,5.4,0.95,3.7,1016,4.1,,b,"Wolters (2010), T6"
166,,CC,Ronaton,,,0.16,1.2,1.9,3,1.70,4.5,5.4,1.52,5.0,1039,6.5,,b,"Wolters (2010), T9"
232,,CC,Ronaton,,,0.145,1.1,2.0,3,1.60,4.7,5.5,1.19,4.2,1042,7.4,,b,"Klein Breteler (2015), P09"
167,*,CC,Ronaton,,,0.16,1.2,1.9,3,1.71,4.5,5.4,1.51,5.1,1880,6.5,,c,"Wolters (2010), T9-T10"
168,*,CC,Ronaton,,,0.16,1.2,1.9,3,1.72,4.5,5.4,1.52,5.1,10322,6.5,,d,"Wolters (2010), T9-T11B"
233,*,CC,Ronaton,,,0.145,1.1,2.0,3,1.60,4.7,5.5,1.39,4.5,643,8.6,,d,"Klein Breteler (2015), P10"
236,*,CC,Ronaton,,,0.145,1.1,2.0,3,1.62,4.7,5.5,1.07,4.0,1826,6.6,,d,"Klein Breteler (2015), P13"
314,,HS,Hill testblock,,,0.15,1.1,2.8,3.5,1.84,4.55,0,0.6,4.0,491,2.9,,a,"Klein Breteler (2015), S01"
316,,HS,Hill testblock,,,0.15,1.1,2.8,3.5,1.34,4.55,0,0.54,2.8,672,2.6,,a,"Klein Breteler (2015), S03"
317,,HS,Hill testblock,,,0.15,1.1,2.8,3.5,1.36,4.7,0,0.67,3.1,131,3.2,,a,"Klein Breteler (2015), S04"
318,,HS,Hill testblock,,,0.15,1.1,2.8,3.5,1.35,4.7,0,0.79,3.4,1034,3.8,,a,"Klein Breteler (2015), S05"
320,,HS,Hill testblock,,,0.15,1.1,2.8,3.5,1.34,4.55,0,0.53,2.8,440,2.5,,a,"Klein Breteler (2015), S07"
321,,HS,Hill testblock,,,0.15,1.1,2.8,3.5,1.35,4.55,0,0.53,2.8,441,2.5,,a,"Klein Breteler (2015), S08"
322,,HS,Hill testblock,,,0.15,1.1,2.8,3.5,1.38,4.7,0,0.67,3.2,2490,3.2,,a,"Klein Breteler (2015), S09-a"
315,,HS,Hill testblock,,,0.15,1.1,2.8,3.5,1.85,4.7,0,0.93,5.0,391,4.5,,d,"Klein Breteler (2015), S02"
319,,HS,Hill testblock,,,0.15,1.1,2.8,3.5,1.35,4.7,0,0.99,3.7,463,4.7,,d,"Klein Breteler (2015), S06"
323,,HS,Hill testblock,,,0.15,1.1,2.8,3.5,1.36,4.7,0,0.66,3.1,589,3.2,,d,"Klein Breteler (2015), S09-b"
324,,HS,Hill testblock,,,0.15,1.1,2.8,3.5,1.35,4.7,0,0.68,3.1,1807,3.3,,d,"Klein Breteler (2015), S09-c"
325,,HS,Hill testblock,,,0.15,1.1,2.8,3.5,1.32,4.7,0,0.72,3.2,1187,3.5,,d,"Klein Breteler (2015), S09-d"
158,,HS,Hillblock,,,0.2,1.5,2.3,3,2.11,4.5,5.5,1.49,6.2,1077,5.4,,a,"Van Steeg (2012), T005"
159,,HS,Hillblock,,,0.2,1.5,2.3,3,1.77,4.5,5.5,1.5,5.2,986,5.5,,a,"Van Steeg (2012), T014"
160,,HS,Hillblock,,,0.2,1.5,2.3,3,1.68,4.5,5.5,1.43,4.8,25062,5.2,,a,"Van Steeg (2012), T008-T015"
326,,HS,Hillblock,,,0.2,1.5,2.3,3.5,1.80,4.5,0,0.8,4.5,1102,2.9,,a,"Klein Breteler (2015), T001"
327,,HS,Hillblock,,,0.2,1.5,2.3,3.5,1.82,4.5,0,1.01,5.1,1117,3.7,,a,"Klein Breteler (2015), T002"
328,,HS,Hillblock,,,0.2,1.5,2.3,3.5,1.78,4.5,0,1.21,5.6,1086,4.4,,a,"Klein Breteler (2015), T003"
329,,HS,Hillblock,,,0.2,1.5,2.3,3.5,1.80,4.5,0,1.38,6.0,1129,5.0,,a,"Klein Breteler (2015), T004"
330,,HS,Hillblock,,,0.2,1.5,2.3,3.5,1.82,4.5,0,1.49,6.2,1077,5.4,,a,"Klein Breteler (2015), T005"
331,,HS,Hillblock,,,0.2,1.5,2.3,3.5,1.44,4.5,0,0.98,3.9,949,3.6,,a,"Klein Breteler (2015), T006"
332,,HS,Hillblock,,,0.2,1.5,2.3,3.5,1.39,4.5,0,1.23,4.3,1049,4.5,,a,"Klein Breteler (2015), T007"
333,,HS,Hillblock,,,0.2,1.5,2.3,3.5,1.46,4.5,0,1.46,4.9,1007,5.3,,a,"Klein Breteler (2015), T008"
334,,HS,Hillblock,,,0.2,1.5,2.3,3.5,1.43,4.5,0,1.43,4.8,4201,5.2,,a,"Klein Breteler (2015), T009"
335,,HS,Hillblock,,,0.2,1.5,2.3,3.5,1.44,4.5,0,1.42,4.8,719,5.2,,a,"Klein Breteler (2015), T010"
336,,HS,Hillblock,,,0.2,1.5,2.3,3.5,1.43,4.5,0,1.42,4.8,10702,5.2,,a,"Klein Breteler (2015), T011"
337,,HS,Hillblock,,,0.2,1.5,2.3,3.5,1.49,4.5,0,1.5,5.2,986,5.5,,a,"Klein Breteler (2015), T014"
338,,HS,Hillblock,,,0.2,1.5,2.3,3.5,1.44,4.5,0,1.45,4.9,1017,5.3,,a,"Klein Breteler (2015), T015"
339,,HS,Hillblock,,,0.2,1.5,2.3,3.5,1.30,3.1,0,0.74,3.2,953,2.7,,a,"Klein Breteler (2015), T016"
340,,HS,Hillblock,,,0.2,1.5,2.3,3.5,1.67,3.1,0,0.81,4.2,1038,3.0,,a,"Klein Breteler (2015), T017"
341,,HS,Hillblock,,,0.2,1.5,2.3,3.5,1.75,3.1,0,0.94,4.8,1061,3.4,,a,"Klein Breteler (2015), T018"
342,,HS,Hillblock,,,0.2,1.5,2.3,3.5,1.40,3.1,0,0.91,3.8,960,3.3,,a,"Klein Breteler (2015), T019"
289,,HS,Ronaton Taille,,,0.151,1.2,2.3,3.5,1.85,4.55,0,0.71,4.3,478,3.8,,a,"Klein Breteler (2015), R01"
291,,HS,Ronaton Taille,,,0.151,1.2,2.3,3.5,1.84,4.55,0,0.7,4.3,473,3.7,,a,"Klein Breteler (2015), R03"
294,,HS,Ronaton Taille,,,0.151,1.2,2.3,3.5,1.35,4.7,0,0.73,3.2,2428,3.9,,a,"Klein Breteler (2015), R12"
292,,HS,Ronaton Taille,,,0.151,1.2,2.3,3.5,1.34,4.7,0,0.84,3.5,994,4.5,,b,"Klein Breteler (2015), R04"
295,,HS,Ronaton Taille,,,0.151,1.2,2.3,3.5,1.35,4.7,0,0.75,3.3,4780,4.0,,b,"Klein Breteler (2015), R13"
290,,HS,Ronaton Taille,,,0.151,1.2,2.3,3.5,1.87,4.7,0,0.84,4.8,224,4.5,,d,"Klein Breteler (2015), R02"
293,,HS,Ronaton Taille,,,0.151,1.2,2.3,3.5,1.36,4.7,0,0.99,3.8,934,5.3,,d,"Klein Breteler (2015), R05"
296,,HS,Ronaton Taille,,,0.151,1.2,2.3,3.5,1.37,4.7,0,0.73,3.3,2182,3.9,,d,"Klein Breteler (2015), R14"
297,,HS,Verkalit GOR,,,0.151,1.0,0.8,3.5,1.87,4.55,0,0.68,4.3,475,3.4,,a,"Klein Breteler (2015), V24"
298,,HS,Verkalit GOR,,,0.151,1.0,0.8,3.5,1.82,4.7,0,0.86,4.8,1012,4.2,,a,"Klein Breteler (2015), V25"
299,,HS,Verkalit GOR,,,0.151,1.0,0.8,3.5,1.89,4.7,0,0.99,5.3,999,4.9,,a,"Klein Breteler (2015), V26"
300,,HS,Verkalit GOR,,,0.151,1.0,0.8,3.5,1.90,4.7,0,1.14,5.7,983,5.6,,a,"Klein Breteler (2015), V27"
301,,HS,Verkalit GOR,,,0.151,1.0,0.8,3.5,1.91,4.7,0,1.32,6.1,1013,6.5,,a,"Klein Breteler (2015), V28"
302,,HS,Verkalit GOR,,,0.151,1.0,0.8,3.5,1.84,4.7,0,1.56,6.4,1036,7.7,,a,"Klein Breteler (2015), V29"
303,,HS,Verkalit GOR,,,0.151,1.0,0.8,3.5,1.36,4.55,0,0.84,3.5,567,4.1,,a,"Klein Breteler (2015), V30"
304,,HS,Verkalit GOR,,,0.151,1.0,0.8,3.5,1.34,4.7,0,0.85,3.5,1033,4.2,,a,"Klein Breteler (2015), V31"
305,,HS,Verkalit GOR,,,0.151,1.0,0.8,3.5,1.34,4.7,0,1.01,3.8,1013,5.0,,a,"Klein Breteler (2015), V32"
306,,HS,Verkalit GOR,,,0.151,1.0,0.8,3.5,1.37,4.7,0,1.15,4.1,124,5.7,,a,"Klein Breteler (2015), V33"
309,,HS,Verkalit GOR,,,0.151,1.0,0.8,3.5,1.36,4.55,0,0.67,3.1,627,3.3,,a,"Klein Breteler (2015), V36"
310,,HS,Verkalit GOR,,,0.151,1.0,0.8,3.5,1.36,4.7,0,1.1,4.0,2008,5.4,,a,"Klein Breteler (2015), V37"
311,,HS,Verkalit GOR,,,0.151,1.0,0.8,3.5,1.33,4.7,0,1.12,4.0,3900,5.5,,a,"Klein Breteler (2015), V38"
312,,HS,Verkalit GOR,,,0.151,1.0,0.8,3.5,1.35,4.7,0,1.11,4.0,8065,5.5,,b,"Klein Breteler (2015), V39"
307,,HS,Verkalit GOR,,,0.151,1.0,0.8,3.5,1.38,4.7,0,1.36,4.5,980,6.7,,c,"Klein Breteler (2015), V34"
313,,HS,Verkalit GOR,,,0.151,1.0,0.8,3.5,1.36,4.7,0,1.11,4.0,12013,5.5,,c,"Klein Breteler (2015), V40"
308,,HS,Verkalit GOR,,,0.151,1.0,0.8,3.5,1.43,4.7,0,1.45,4.8,176,7.2,,d,"Klein Breteler (2015), V35"
5,,NB,Granite blocks,Siltated,,0.21,0.8,0.9,3.5,1.42,4.04,5,1.52,4.9,1045,4.6,,a,"Smith et al (2000), 4ao06"
12,,NB,Granite blocks,"Siltated, measured ",,0.21,0.8,1.6,3.5,1.50,4.26,5,1.68,5.5,1045,5.1,a,0,"Smith et al (2000), 4do10"
6,,NB,Granite blocks,,,0.208,0.8,0.8,3.5,1.39,4.03,5,1.6,4.9,1045,4.9,,b,"Smith et al (2000), 4ao07"
3,,NC,Bazalt,"Penetrated joints / 
sand in filter","Penetrated joints / 
sand in filter",0.196,0.7,0.7,3.5,1.36,4,5,1.26,4.3,1045,3.3,,a,"Smith et al (2000), 3o10"
61,,NC,Bazalt,Half penetrated joints,Half penetrated joints,0.129,0.6,1.4,3.5,1.66,3.9,6,0.68,3.8,4894,2.6,,a,"Hofland et al (2006), P01-02"
91,,NC,Bazalt,,,0.2,1.0,2.6,3.5,1.65,4.58,6,1.4,5.5,1038,3.6,,a,"Eysink et al (2003), 5"
117,,NC,Bazalt,,,0.3,1.2,1.7,3.5,1.33,5,6.5,1.55,4.7,404,2.6,,a,"Burger (1985), 21"
119,,NC,Bazalt,,,0.3,1.2,1.7,3.5,1.46,5,6.5,1.85,5.6,337,3.1,,a,"Burger (1985), 23"
63,,NC,Bazalt,Penetrated joints,,0.129,0.6,3.3,3.5,1.83,3.07,6,1.07,5.3,2403,4.1,,b,"Hofland et al (2006), LW 17-19"
65,,NC,Bazalt,Penetrated joints,,0.129,0.6,3.3,3.5,1.73,4.16,6,1.02,4.9,2655,3.9,,b,"Hofland et al (2006), HW 12+13+14"
70,,NC,Bazalt,,,0.2,1.0,2.5,3.5,1.78,4.5,6,1.43,6.0,8835,3.7,,b,"Klein Breteler et al (2005), 4215-4616"
68,*,NC,Bazalt,,,0.2,1.0,2.5,3.5,1.71,4.5,6,1.29,5.4,6577,3.3,,c,"Klein Breteler et al (2005), 4411+4610"
71,*,NC,Bazalt,,,0.2,1.0,2.5,3.5,1.76,4.42,6,1.59,6.2,2115,4.1,,c,"Klein Breteler et al (2005), 4418"
92,*,NC,Bazalt,,,0.2,1.0,2.6,3.5,1.70,4.78,6,1.54,5.9,1030,3.9,,c,"Eysink et al (2003), 6"
93,*,NC,Bazalt,,,0.2,1.0,2.6,3.5,1.68,4.68,6,1.47,5.7,2068,3.8,,c,"Eysink et al (2003), 5 en 6"
4,*,NC,Bazalt,"Penetrated joints / 
sand in filter","Penetrated joints / 
sand in filter",0.196,0.7,0.7,3.5,1.38,4.39,5,1.56,4.8,1045,4.1,,d,"Smith et al (2000), 3o11"
62,*,NC,Bazalt,Half penetrated joints,Half penetrated joints,0.129,0.6,1.4,3.5,1.65,3.9,6,0.96,4.5,4323,3.7,,d,"Hofland et al (2006), P03-05"
64,*,NC,Bazalt,Penetrated joints,,0.129,0.6,3.3,3.5,1.85,3.23,6,1.16,5.6,3742,4.4,,d,"Hofland et al (2006), LW 17-21"
66,*,NC,Bazalt,Penetrated joints,,0.129,0.6,3.3,3.5,1.52,4.7,6,1.52,5.2,2580,5.8,,d,"Hofland et al (2006), HW 22-23A"
69,*,NC,Bazalt,,,0.2,1.0,2.5,3.5,1.72,4.7,6,1.27,5.4,16296,3.2,,d,"Klein Breteler et al (2005), 4411-4812"
72,*,NC,Bazalt,,,0.2,1.0,2.5,3.5,1.76,4.5,6,1.54,6.1,4516,3.9,,d,"Klein Breteler et al (2005), 4418+4618"
94,*,NC,Bazalt,,,0.2,1.0,2.6,3.5,2.24,4.85,6,1.22,6.9,1118,3.1,,d,"Eysink et al (2003), 8"
118,*,NC,Bazalt,,,0.3,1.2,1.7,3.5,1.42,5,6.5,1.75,5.3,6088,2.9,,d,"Burger (1985), 22"
120,*,NC,Bazalt,,,0.3,1.2,1.7,3.5,1.33,5,6.5,1.55,4.7,23651,2.6,,d,"Burger (1985), 24"
110,,NS,Vilvoord flat,,,0.22,1.5,1.2,3.5,1.22,2.87,3.5,0.67,2.8,20228,2.0,,a,"Burger (1985), 26"
113,,NS,Vilvoord flat,,,0.22,1.5,1.2,3.5,1.42,5,3.25,1.75,5.3,10744,5.2,,d,"Burger (1985), page 57"
111,,NS,Vilvoord round,,,0.22,1.5,1.2,3.5,1.28,2.87,3.5,0.74,3.1,1012,2.2,,d,"Burger (1985), 1"
112,,NS,Vilvoord round,,,0.22,1.5,1.2,3.5,1.92,2.87,3.5,0.75,4.7,809,2.2,,d,"Burger (1985), 3"
